{"cameraMode":{"drawMode":0,"name":"Shaded","section":"Shading Mode"},"sceneLighting":true,"audioPlay":false,"sceneViewState":{"showFog":false,"showMaterialUpdate":false,"showSkybox":false,"showFlares":false,"showImageEffects":false,"showParticleSystems":false},"in2DMode":false,"pivot":{"x":-41.539634704589847,"y":33.17296600341797,"z":40.84184265136719},"rotation":{"x":-0.011555144563317299,"y":-0.8053897023200989,"z":0.015711447224020959,"w":-0.5924248695373535},"size":39.084659576416019,"orthographic":false}